Date,No
2018-01-01,181.62405
2018-01-02,164.32655
2018-01-03,161.44363
2018-01-04,161.44363
2018-01-05,175.85822
2018-01-06,197.48021
2018-01-07,214.77771
2018-01-08,188.8669
2018-01-09,168.68266
2018-01-10,173.00795
2018-01-11,155.70717
2018-01-12,158.59064
2018-01-13,175.89142
2018-01-14,197.51747
2018-01-15,177.30312
2018-01-16,174.42014
2018-01-17,168.65417
2018-01-18,171.53716
2018-01-19,168.65417
2018-01-20,181.62767
2018-01-21,207.57445
2018-01-22,196.34439
2018-01-23,186.23834
2018-01-24,177.5761
2018-01-25,174.68869
2018-01-26,196.34439
2018-01-27,213.66888
2018-01-28,232.43716
2018-01-29,199.62108
2018-01-30,183.70918
2018-01-31,188.04886
2018-02-01,188.04886
2018-02-02,195.2816
2018-02-03,211.19331
2018-02-04,240.12387
2018-02-05,189.54219
2018-02-06,172.17955
2018-02-07,179.41408
2018-02-08,169.28578
2018-02-09,182.30785
2018-02-10,215.58633
2018-02-11,225.71443
2018-02-12,192.09506
2018-02-13,176.20761
2018-02-14,171.87454
2018-02-15,179.09625
2018-02-16,181.9849
2018-02-17,212.31578
2018-02-18,226.759
2018-02-19,482.37024
2018-02-20,443.02277
2018-02-21,428.44968
2018-02-22,400.76086
2018-02-23,402.21808
2018-02-24,402.21808
2018-02-25,394.93143
2018-02-26,195.71536
2018-02-27,198.63647
2018-02-28,188.41246
2018-03-01,188.41246
2018-03-02,185.49133
2018-03-03,207.39984
2018-03-04,248.29555
2018-03-05,219.60411
2018-03-06,219.60411
2018-03-07,206.42798
2018-03-08,197.64381
2018-03-09,187.39554
2018-03-10,206.42798
2018-03-11,225.46022
2018-03-12,216.69302
2018-03-13,197.65929
2018-03-14,184.48192
2018-03-15,177.16112
2018-03-16,184.48192
2018-03-17,207.90817
2018-03-18,228.40614
2018-03-19,200.66603
2018-03-20,168.44214
2018-03-21,172.83638
2018-03-22,178.69524
2018-03-23,184.5541
2018-03-24,202.13065
2018-03-25,228.4955
2018-03-26,181.50748
2018-03-27,178.57994
2018-03-28,172.72487
2018-03-29,172.72487
2018-03-30,187.36255
2018-03-31,197.60902
2018-04-01,225.42053
2018-04-02,219.60841
2018-04-03,181.54298
2018-04-04,181.54298
2018-04-05,175.68677
2018-04-06,194.71939
2018-04-07,197.64769
2018-04-08,219.60841
2018-04-09,203.693
2018-04-10,196.36581
2018-04-11,187.57332
2018-04-12,194.9003
2018-04-13,196.36581
2018-04-14,218.34714
2018-04-15,218.34714
2018-04-16,175.90671
2018-04-17,168.57718
2018-04-18,174.44072
2018-04-19,186.16783
2018-04-20,206.69044
2018-04-21,215.48576
2018-04-22,218.41754
2018-04-23,196.60567
2018-04-24,168.72867
2018-04-25,171.66309
2018-04-26,181.93361
2018-04-27,196.60567
2018-04-28,214.21213
2018-04-29,239.15471
2018-04-30,176.216
2018-05-01,164.46828
2018-05-02,164.46828
2018-05-03,186.49516
2018-05-04,199.71144
2018-05-05,217.33302
2018-05-06,224.67545
2018-05-07,179.33461
2018-05-08,170.5149
2018-05-09,164.63507
2018-05-10,189.62419
2018-05-11,189.62419
2018-05-12,204.32393
2018-05-13,214.61351
2018-05-14,181.01582
2018-05-15,169.24245
2018-05-16,176.60089
2018-05-17,166.29909
2018-05-18,195.73254
2018-05-19,226.63777
2018-05-20,223.69443
2018-05-21,188.47508
2018-05-22,175.22285
2018-05-23,166.38809
2018-05-24,169.33301
2018-05-25,172.27792
2018-05-26,188.47508
2018-05-27,225.28668
2018-05-28,200.40471
2018-05-29,175.35405
2018-05-30,181.2483
2018-05-31,181.2483
2018-06-01,188.61621
2018-06-02,188.61621
2018-06-03,223.98172
2018-06-04,175.2842
2018-06-05,172.33824
2018-06-06,185.59512
2018-06-07,172.33824
2018-06-08,185.59512
2018-06-09,222.4196
2018-06-10,228.31151
2018-06-11,191.50563
2018-06-12,185.61316
2018-06-13,185.61316
2018-06-14,191.50563
2018-06-15,185.61316
2018-06-16,210.65628
2018-06-17,237.17241
2018-06-18,196.2734
2018-06-19,175.61305
2018-06-20,185.94333
2018-06-21,175.61305
2018-06-22,191.84628
2018-06-23,215.45811
2018-06-24,224.31255
2018-06-25,192.70291
2018-06-26,170.6378
2018-06-27,170.6378
2018-06-28,167.69577
2018-06-29,167.69577
2018-06-30,207.41324
2018-07-01,239.77554
2018-07-02,219.28409
2018-07-03,201.74138
2018-07-04,191.50803
2018-07-05,194.43181
2018-07-06,194.43181
2018-07-07,210.51273
2018-07-08,245.59814
2018-07-09,187.30023
2018-07-10,172.66742
2018-07-11,191.68999
2018-07-12,191.68999
2018-07-13,206.32298
2018-07-14,235.58862
2018-07-15,206.32298
2018-07-16,206.66823
2018-07-17,206.66823
2018-07-18,200.80531
2018-07-19,192.01074
2018-07-20,194.9422
2018-07-21,206.66823
2018-07-22,244.77722
2018-07-23,176.06822
2018-07-24,174.60089
2018-07-25,174.60089
2018-07-26,184.87163
2018-07-27,192.2077
2018-07-28,211.28183
2018-07-29,240.62651
2018-07-30,185.00874
2018-07-31,179.13547
2018-08-01,185.00874
2018-08-02,182.07211
2018-08-03,192.35027
2018-08-04,208.50189
2018-08-05,245.21004
2018-08-06,188.36694
2018-08-07,176.59402
2018-08-08,198.66835
2018-08-09,176.59402
2018-08-10,197.19664
2018-08-11,213.3845
2018-08-12,244.28833
2018-08-13,200.50014
2018-08-14,204.92302
2018-08-15,187.23166
2018-08-16,188.70602
2018-08-17,201.9745
2018-08-18,237.35684
2018-08-19,228.51126
2018-08-20,191.86676
2018-08-21,196.29436
2018-08-22,196.29436
2018-08-23,187.43898
2018-08-24,187.43898
2018-08-25,218.4329
2018-08-26,250.90263
2018-08-27,199.51697
2018-08-28,193.60518
2018-08-29,193.60518
2018-08-30,199.51697
2018-08-31,199.51697
2018-09-01,224.6412
2018-09-02,230.55281
2018-09-03,187.33531
2018-09-04,185.86034
2018-09-05,185.86034
2018-09-06,187.33531
2018-09-07,194.71082
2018-09-08,209.46162
2018-09-09,222.73744
2018-09-10,206.55356
2018-09-11,169.66893
2018-09-12,169.66893
2018-09-13,185.89822
2018-09-14,178.52122
2018-09-15,197.70128
2018-09-16,234.58589
2018-09-17,201.04541
2018-09-18,181.82776
2018-09-19,187.74084
2018-09-20,196.61049
2018-09-21,196.61049
2018-09-22,218.7847
2018-09-23,236.52397
2018-09-24,197.15897
2018-09-25,179.3702
2018-09-26,188.26459
2018-09-27,192.71187
2018-09-28,198.64146
2018-09-29,235.70149
2018-09-30,246.07819
2018-10-01,209.3111
2018-10-02,194.46617
2018-10-03,191.49722
2018-10-04,191.49722
2018-10-05,209.3111
2018-10-06,222.67126
2018-10-07,231.57811
2018-10-08,188.40462
2018-10-09,173.56961
2018-10-10,176.5366
2018-10-11,179.50362
2018-10-12,191.37161
2018-10-13,200.27281
2018-10-14,234.39322
2018-10-15,189.9945
2018-10-16,189.9945
2018-10-17,181.08853
2018-10-18,176.63544
2018-10-19,194.4474
2018-10-20,206.32225
2018-10-21,227.10287
2018-10-22,188.29187
2018-10-23,179.3962
2018-10-24,174.94846
2018-10-25,174.94846
2018-10-26,173.46574
2018-10-27,188.29187
2018-10-28,235.73566
2018-10-29,174.44662
2018-10-30,167.05473
2018-10-31,167.05473
2018-11-01,168.53319
2018-11-02,177.40334
2018-11-03,217.31914
2018-11-04,233.58101
2018-11-05,184.6447
2018-11-06,168.39606
2018-11-07,165.44176
2018-11-08,168.39606
2018-11-09,171.35037
2018-11-10,199.41646
2018-11-11,227.48233
2018-11-12,184.38158
2018-11-13,165.206
2018-11-14,171.1062
2018-11-15,181.43147
2018-11-16,181.43147
2018-11-17,199.1323
2018-11-18,224.20807
2018-11-19,182.59946
2018-11-20,166.40103
2018-11-21,182.59946
2018-11-22,182.59946
2018-11-23,182.59946
2018-11-24,209.10579
2018-11-25,247.39273
2018-11-26,180.653
2018-11-27,170.37204
2018-11-28,177.71556
2018-11-29,183.59045
2018-11-30,189.46535
2018-12-01,210.02765
2018-12-02,227.65233
2018-12-03,181.73653
2018-12-04,168.54588
2018-12-05,175.87405
2018-12-06,181.73653
2018-12-07,196.39268
2018-12-08,199.32391
2018-12-09,240.36115
2018-12-10,184.19505
2018-12-11,166.65268
2018-12-12,175.42387
2018-12-13,172.50014
2018-12-14,165.19072
2018-12-15,204.66115
2018-12-16,229.51292
2018-12-17,164.64058
2018-12-18,170.46857
2018-12-19,171.92566
2018-12-20,169.01167
2018-12-21,173.38255
2018-12-22,182.12453
2018-12-23,208.35065
2018-12-24,187.50735
2018-12-25,180.23972
2018-12-26,168.61136
2018-12-27,175.879
2018-12-28,177.33263
2018-12-29,190.41444
2018-12-30,226.75314
2018-12-31,185.86511
2019-01-01,177.1527
2019-01-02,177.1527
2019-01-03,174.24855
2019-01-04,175.70053
2019-01-05,219.26282
2019-01-06,226.52307
2019-01-07,175.53767
2019-01-08,181.34056
2019-01-09,168.28415
2019-01-10,191.49573
2019-01-11,197.29861
2019-01-12,208.9044
2019-01-13,219.05957
2019-01-14,185.669
2019-01-15,185.669
2019-01-16,191.47115
2019-01-17,194.37222
2019-01-18,194.37222
2019-01-19,210.32823
2019-01-20,230.63576
2019-01-21,175.31935
2019-01-22,175.31935
2019-01-23,184.01288
2019-01-24,184.01288
2019-01-25,195.60442
2019-01-26,218.78712
2019-01-27,194.15541
2019-01-28,172.17786
2019-01-29,175.0716
2019-01-30,179.41231
2019-01-31,175.0716
2019-02-01,179.41231
2019-02-02,205.456
2019-02-03,232.94666
2019-02-04,242.3118
2019-02-05,201.68472
2019-02-06,201.68472
2019-02-07,213.29245
2019-02-08,220.5472
2019-02-09,226.35106
2019-02-10,226.35106
2019-02-11,265.808
2019-02-12,249.65385
2019-02-13,242.3112
2019-02-14,234.96835
2019-02-15,242.3112
2019-02-16,232.03125
2019-02-17,217.34573
2019-02-18,198.5369
2019-02-19,185.30103
2019-02-20,204.41946
2019-02-21,189.71286
2019-02-22,189.71286
2019-02-23,223.5377
2019-02-24,232.36156
2019-02-25,195.88681
2019-02-26,181.15848
2019-02-27,195.88681
2019-02-28,189.99547
2019-03-01,201.77832
2019-03-02,223.87071
2019-03-03,226.81638
2019-03-04,197.55353
2019-03-05,196.07915
2019-03-06,190.18204
2019-03-07,190.18204
2019-03-08,210.82213
2019-03-09,209.34776
2019-03-10,241.78189
2019-03-11,183.89473
2019-03-12,175.06778
2019-03-13,185.36598
2019-03-14,176.53905
2019-03-15,207.43344
2019-03-16,213.31807
2019-03-17,213.31807
2019-03-18,210.48018
2019-03-19,176.62668
2019-03-20,194.28932
2019-03-21,182.51422
2019-03-22,201.64885
2019-03-23,201.64885
2019-03-24,219.31151
2019-03-25,204.73395
2019-03-26,191.4777
2019-03-27,185.58609
2019-03-28,182.64029
2019-03-29,197.36932
2019-03-30,197.36932
2019-03-31,228.3004
2019-04-01,197.6437
2019-04-02,190.26886
2019-04-03,181.41914
2019-04-04,185.8441
2019-04-05,185.8441
2019-04-06,203.54352
2019-04-07,225.6679
2019-04-08,201.25572
2019-04-09,183.4979
2019-04-10,183.4979
2019-04-11,183.4979
2019-04-12,192.3768
2019-04-13,232.33205
2019-04-14,232.33205
2019-04-15,195.70691
2019-04-16,174.95013
2019-04-17,174.95013
2019-04-18,176.43266
2019-04-19,204.60268
2019-04-20,206.08539
2019-04-21,235.73793
2019-04-22,185.63092
2019-04-23,188.60101
2019-04-24,188.60101
2019-04-25,176.72064
2019-04-26,188.60101
2019-04-27,216.817
2019-04-28,228.69737
2019-04-29,202.33264
2019-04-30,191.91837
2019-05-01,202.33264
2019-05-02,190.43073
2019-05-03,184.47978
2019-05-04,202.33264
2019-05-05,224.64882
2019-05-06,207.42093
2019-05-07,196.97519
2019-05-08,189.51392
2019-05-09,195.48285
2019-05-10,193.9907
2019-05-11,207.42093
2019-05-12,231.29668
2019-05-13,200.4144
2019-05-14,188.44937
2019-05-15,194.43188
2019-05-16,189.9449
2019-05-17,189.9449
2019-05-18,215.37068
2019-05-19,236.30948
2019-05-20,202.5809
2019-05-21,196.57832
2019-05-22,199.57951
2019-05-23,190.57593
2019-05-24,196.57832
2019-05-25,208.5833
2019-05-26,237.09454
2019-05-27,202.751
2019-05-28,190.73596
2019-05-29,198.24535
2019-05-30,190.73596
2019-05-31,198.24535
2019-06-01,205.75473
2019-06-02,237.29362
2019-06-03,201.46013
2019-06-04,190.936
2019-06-05,190.936
2019-06-06,201.46013
2019-06-07,186.4258
2019-06-08,222.50818
2019-06-09,233.0323
2019-06-10,221.7184
2019-06-11,203.61897
2019-06-12,206.63554
2019-06-13,212.66869
2019-06-14,215.68526
2019-06-15,244.3426
2019-06-16,235.29288
2019-06-17,208.36504
2019-06-18,208.36504
2019-06-19,200.81549
2019-06-20,205.34526
2019-06-21,218.93437
2019-06-22,218.93437
2019-06-23,247.6222
2019-06-24,202.40031
2019-06-25,203.91086
2019-06-26,208.44211
2019-06-27,206.93176
2019-06-28,217.5048
2019-06-29,249.22432
2019-06-30,202.40031
2019-07-01,219.73996
2019-07-02,216.70908
2019-07-03,219.73996
2019-07-04,216.70908
2019-07-05,231.86354
2019-07-06,248.53334
2019-07-07,253.07977
2019-07-08,189.70113
2019-07-09,192.73634
2019-07-10,189.70113
2019-07-11,206.39491
2019-07-12,215.50056
2019-07-13,239.78229
2019-07-14,235.22957
2019-07-15,200.58505
2019-07-16,206.61789
2019-07-17,206.61789
2019-07-18,206.61789
2019-07-19,212.65051
2019-07-20,236.78104
2019-07-21,241.3054
2019-07-22,220.72067
2019-07-23,220.72067
2019-07-24,205.70569
2019-07-25,207.20709
2019-07-26,207.20709
2019-07-27,223.72368
2019-07-28,244.74466
2019-07-29,199.58333
2019-07-30,205.58601
2019-07-31,205.58601
2019-08-01,204.0853
2019-08-02,207.08655
2019-08-03,211.58852
2019-08-04,256.6073
2019-08-05,217.68239
2019-08-06,193.6621
2019-08-07,211.67735
2019-08-08,193.6621
2019-08-09,220.68489
2019-08-10,220.68489
2019-08-11,247.7075
2019-08-12,219.3696
2019-08-13,207.34937
2019-08-14,192.32407
2019-08-15,198.33418
2019-08-16,207.34937
2019-08-17,229.8874
2019-08-18,256.93295
2019-08-19,204.52347
2019-08-20,186.4773
2019-08-21,190.98874
2019-08-22,186.4773
2019-08-23,193.99643
2019-08-24,207.53116
2019-08-25,234.60042
2019-08-26,197.13731
2019-08-27,179.07893
2019-08-28,186.60336
2019-08-29,200.14703
2019-08-30,207.67145
2019-08-31,230.24452
2019-09-01,257.33206
2019-09-02,212.20633
2019-09-03,186.62111
2019-09-04,186.62111
2019-09-05,186.62111
2019-09-06,198.66116
2019-09-07,219.73128
2019-09-08,234.78134
2019-09-09,230.64763
2019-09-10,211.05005
2019-09-11,211.05005
2019-09-12,203.51265
2019-09-13,205.02005
2019-09-14,221.60263
2019-09-15,257.7826
2019-09-16,260.25793
2019-09-17,237.56113
2019-09-18,228.48236
2019-09-19,228.48236
2019-09-20,240.58737
2019-09-21,254.20541
2019-09-22,267.82364
2019-09-23,230.56781
2019-09-24,201.74677
2019-09-25,203.26375
2019-09-26,216.91588
2019-09-27,215.3989
2019-09-28,242.70296
2019-09-29,247.25372
2019-09-30,197.35628
2019-10-01,194.32002
2019-10-02,191.28378
2019-10-03,194.32002
2019-10-04,194.32002
2019-10-05,232.27322
2019-10-06,211.01949
2019-10-07,185.42966
2019-10-08,182.38983
2019-10-09,182.38983
2019-10-10,197.58896
2019-10-11,211.26828
2019-10-12,211.26828
2019-10-13,223.42758
2019-10-14,228.63588
2019-10-15,213.39351
2019-10-16,213.39351
2019-10-17,213.39351
2019-10-18,242.35413
2019-10-19,242.35413
2019-10-20,254.54803
2019-10-21,190.6623
2019-10-22,178.45992
2019-10-23,186.0865
2019-10-24,190.6623
2019-10-25,210.49126
2019-10-26,222.69363
2019-10-27,230.32022
2019-10-28,187.64163
2019-10-29,195.26944
2019-10-30,186.1162
2019-10-31,181.53947
2019-11-01,184.59056
2019-11-02,216.62701
2019-11-03,227.3059
2019-11-04,210.71652
2019-11-05,175.59703
2019-11-06,166.43546
2019-11-07,184.75862
2019-11-08,178.6509
2019-11-09,189.33951
2019-11-10,215.29741
2019-11-11,184.71358
2019-11-12,184.71358
2019-11-13,178.60735
2019-11-14,175.55423
2019-11-15,166.39488
2019-11-16,195.39957
2019-11-17,221.35115
2019-11-18,189.22409
2019-11-19,173.9641
2019-11-20,189.22409
2019-11-21,175.49
2019-11-22,181.594
2019-11-23,184.646
2019-11-24,206.01018
2019-11-25,183.02902
2019-11-26,175.40273
2019-11-27,183.02902
2019-11-28,178.4532
2019-11-29,183.02902
2019-11-30,196.75609
2019-12-01,219.6348
2019-12-02,172.36195
2019-12-03,184.56456
2019-12-04,184.56456
2019-12-05,187.61522
2019-12-06,184.56456
2019-12-07,221.17259
2019-12-08,221.17259
2019-12-09,193.34918
2019-12-10,167.46791
2019-12-11,167.46791
2019-12-12,173.55765
2019-12-13,182.69225
2019-12-14,190.3043
2019-12-15,222.27551
2019-12-16,194.6921
2019-12-17,185.56592
2019-12-18,185.56592
2019-12-19,188.60797
2019-12-20,179.4818
2019-12-21,188.60797
2019-12-22,228.15477
2019-12-23,182.55478
2019-12-24,179.5122
2019-12-25,176.46962
2019-12-26,174.94824
2019-12-27,176.46962
2019-12-28,199.28885
2019-12-29,226.67224
2019-12-30,185.28465
2019-12-31,171.61603
2020-01-01,185.28465
2020-01-02,189.84073
2020-01-03,182.24721
2020-01-04,182.24721
2020-01-05,229.32777
2020-01-06,192.66905
2020-01-07,183.56659
2020-01-08,192.66905
2020-01-09,192.66905
2020-01-10,201.77151
2020-01-11,210.87419
2020-01-12,230.59612
2020-01-13,181.90012
2020-01-14,183.41585
2020-01-15,187.96344
2020-01-16,187.96344
2020-01-17,195.54251
2020-01-18,201.60583
2020-01-19,227.37509
2020-01-20,183.34134
2020-01-21,186.37178
2020-01-22,183.34134
2020-01-23,195.46307
2020-01-24,204.55458
2020-01-25,204.55458
2020-01-26,222.73718
2020-01-27,466.81592
2020-01-28,437.83075
2020-01-29,404.26865
2020-01-30,370.70676
2020-01-31,309.68512
2020-02-01,253.23999
2020-02-02,253.23999
2020-02-03,220.38329
2020-02-04,203.54837
2020-02-05,180.59189
2020-02-06,191.30486
2020-02-07,188.24399
2020-02-08,203.54837
2020-02-09,223.44415
2020-02-10,209.29367
2020-02-11,189.43361
2020-02-12,186.37823
2020-02-13,195.54437
2020-02-14,189.43361
2020-02-15,184.85045
2020-02-16,215.40442
2020-02-17,172.0885
2020-02-18,173.61151
2020-02-19,172.0885
2020-02-20,161.42825
2020-02-21,172.0885
2020-02-22,170.5657
2020-02-23,188.84058
2020-02-24,169.73495
2020-02-25,174.28133
2020-02-26,160.64203
2020-02-27,171.25035
2020-02-28,171.25035
2020-02-29,180.34328
2020-03-01,174.28133
2020-03-02,172.44925
2020-03-03,172.44925
2020-03-04,154.29672
2020-03-05,161.86018
2020-03-06,166.3984
2020-03-07,173.96187
2020-03-08,180.01271
2020-03-09,143.03566
2020-03-10,143.03566
2020-03-11,137.0131
2020-03-12,134.00183
2020-03-13,130.99055
2020-03-14,146.04692
2020-03-15,146.04692
2020-03-16,153.03627
2020-03-17,144.03415
2020-03-18,120.02849
2020-03-19,133.53157
2020-03-20,144.03415
2020-03-21,150.03557
2020-03-22,157.53723
2020-03-23,149.60313
2020-03-24,140.62695
2020-03-25,137.63489
2020-03-26,140.62695
2020-03-27,137.63489
2020-03-28,143.619
2020-03-29,149.60313
2020-03-30,141.61685
2020-03-31,116.275
2020-04-01,123.72842
2020-04-02,128.20062
2020-04-03,141.61685
2020-04-04,141.61685
2020-04-05,138.63544
2020-04-06,145.63019
2020-04-07,147.1161
2020-04-08,145.63019
2020-04-09,133.74202
2020-04-10,144.14406
2020-04-11,154.5463
2020-04-12,139.6861
2020-04-13,143.60098
2020-04-14,133.23813
2020-04-15,139.15982
2020-04-16,140.64014
2020-04-17,146.56183
2020-04-18,149.52267
2020-04-19,158.4052
2020-04-20,138.73717
2020-04-21,138.73717
2020-04-22,126.92977
2020-04-23,132.83347
2020-04-24,141.68903
2020-04-25,154.97226
2020-04-26,138.73717
2020-04-27,147.05862
2020-04-28,139.70561
2020-04-29,139.70561
2020-04-30,129.4116
2020-05-01,126.47044
2020-05-02,138.23512
2020-05-03,152.94096
2020-05-04,149.5923
2020-05-05,143.72594
2020-05-06,136.3929
2020-05-07,149.5923
2020-05-08,142.25926
2020-05-09,156.92516
2020-05-10,168.65787
2020-05-11,146.29971
2020-05-12,134.59575
2020-05-13,125.81778
2020-05-14,133.13266
2020-05-15,149.2257
2020-05-16,146.29971
2020-05-17,152.15169
2020-05-18,144.52617
2020-05-19,138.68674
2020-05-20,134.30725
2020-05-21,157.665
2020-05-22,147.44589
2020-05-23,173.72336
2020-05-24,148.90584
2020-05-25,138.33032
2020-05-26,138.33032
2020-05-27,138.33032
2020-05-28,129.59367
2020-05-29,129.59367
2020-05-30,161.62805
2020-05-31,158.71584
2020-06-01,152.53508
2020-06-02,145.27159
2020-06-03,152.53508
2020-06-04,153.98788
2020-06-05,164.15678
2020-06-06,171.42046
2020-06-07,181.58936
2020-06-08,166.65054
2020-06-09,153.60843
2020-06-10,149.26093
2020-06-11,153.60843
2020-06-12,163.75227
2020-06-13,169.54881
2020-06-14,188.38765
2020-06-15,160.61559
2020-06-16,159.1687
2020-06-17,144.69884
2020-06-18,149.0397
2020-06-19,159.1687
2020-06-20,173.63857
2020-06-21,177.97943
2020-06-22,156.20514
2020-06-23,153.31245
2020-06-24,153.31245
2020-06-25,166.32944
2020-06-26,177.90018
2020-06-27,177.90018
2020-06-28,177.90018
2020-06-29,167.4254
2020-06-30,152.99219
2020-07-01,176.08533
2020-07-02,181.85861
2020-07-03,181.85861
2020-07-04,203.50851
2020-07-05,177.52855
2020-07-06,355.64633
2020-07-07,348.47595
2020-07-08,335.56955
2020-07-09,334.1354
2020-07-10,347.042
2020-07-11,347.042
2020-07-12,324.0971
2020-07-13,357.45898
2020-07-14,354.56458
2020-07-15,354.56458
2020-07-16,351.6702
2020-07-17,358.90628
2020-07-18,386.403
2020-07-19,366.14218
2020-07-20,353.84424
2020-07-21,337.7603
2020-07-22,315.82794
2020-07-23,320.21436
2020-07-24,349.45764
2020-07-25,369.92795
2020-07-26,371.3902
2020-07-27,373.37317
2020-07-28,333.52716
2020-07-29,332.05127
2020-07-30,333.52716
2020-07-31,365.99435
2020-08-01,391.08255
2020-08-02,394.03412
2020-08-03,341.3056
2020-08-04,335.34393
2020-08-05,336.83447
2020-08-06,327.89197
2020-08-07,344.28644
2020-08-08,347.26727
2020-08-09,375.58527
2020-08-10,302.25925
2020-08-11,302.25925
2020-08-12,311.28192
2020-08-13,294.7403
2020-08-14,336.8462
2020-08-15,326.31967
2020-08-16,365.41785
2020-08-17,337.01114
2020-08-18,315.7582
2020-08-19,320.31232
2020-08-20,306.6496
2020-08-21,330.93887
2020-08-22,338.5291
2020-08-23,358.26407
2020-08-24,332.31976
2020-08-25,298.6284
2020-08-26,309.34827
2020-08-27,301.69125
2020-08-28,300.15973
2020-08-29,317.0055
2020-08-30,376.73123
2020-08-31,331.4889
2020-09-01,334.5725
2020-09-02,322.23807
2020-09-03,296.02722
2020-09-04,334.5725
2020-09-05,329.9472
2020-09-06,362.32504
2020-09-07,332.58862
2020-09-08,321.70944
2020-09-09,332.58862
2020-09-10,329.48032
2020-09-11,334.14267
2020-09-12,329.48032
2020-09-13,360.56332
2020-09-14,300.4123
2020-09-15,300.4123
2020-09-16,294.15372
2020-09-17,289.45987
2020-09-18,311.36493
2020-09-19,322.31757
2020-09-20,316.05878
2020-09-21,307.3485
2020-09-22,310.5008
2020-09-23,316.80536
2020-09-24,299.46768
2020-09-25,304.19623
2020-09-26,312.07684
2020-09-27,348.32828
2020-09-28,325.2352
2020-09-29,299.851
2020-09-30,299.851
2020-10-01,283.9859
2020-10-02,295.09137
2020-10-03,301.4374
2020-10-04,325.2352
2020-10-05,337.57013
2020-10-06,303.97305
2020-10-07,318.37186
2020-10-08,316.77188
2020-10-09,316.77188
2020-10-10,321.57156
2020-10-11,359.96814
2020-10-12,302.64963
2020-10-13,299.42996
2020-10-14,297.82022
2020-10-15,302.64963
2020-10-16,318.74802
2020-10-17,339.676
2020-10-18,346.11536
2020-10-19,332.23615
2020-10-20,304.68478
2020-10-21,299.8229
2020-10-22,291.71948
2020-10-23,290.09894
2020-10-24,332.23615
2020-10-25,338.7188
2020-10-26,307.84814
2020-10-27,289.93097
2020-10-28,283.41568
2020-10-29,294.81757
2020-10-30,294.81757
2020-10-31,304.5905
2020-11-01,348.56888
2020-11-02,319.1652
2020-11-03,302.79776
2020-11-04,289.70383
2020-11-05,284.7935
2020-11-06,291.34045
2020-11-07,332.25916
2020-11-08,312.61823
2020-11-09,310.81967
2020-11-10,325.62048
2020-11-11,310.81967
2020-11-12,281.21783
2020-11-13,286.15137
2020-11-14,330.55423
2020-11-15,330.55423
2020-11-16,327.7979
2020-11-17,294.68704
2020-11-18,286.40942
2020-11-19,294.68704
2020-11-20,294.68704
2020-11-21,317.86465
2020-11-22,352.63116
2020-11-23,319.44272
2020-11-24,281.17627
2020-11-25,276.18488
2020-11-26,292.8225
2020-11-27,276.18488
2020-11-28,319.44272
2020-11-29,347.7268
2020-11-30,297.49326
2020-12-01,294.15063
2020-12-02,294.15063
2020-12-03,267.4097
2020-12-04,274.09494
2020-12-05,299.16467
2020-12-06,342.6187
2020-12-07,329.5386
2020-12-08,317.76947
2020-12-09,282.4617
2020-12-10,282.4617
2020-12-11,277.41785
2020-12-12,309.3628
2020-12-13,356.4399
2020-12-14,341.6917
2020-12-15,311.24396
2020-12-16,311.24396
2020-12-17,309.55252
2020-12-18,289.25403
2020-12-19,333.23413
2020-12-20,365.37354
2020-12-21,330.37338
2020-12-22,299.72018
2020-12-23,282.69064
2020-12-24,282.69064
2020-12-25,299.72018
2020-12-26,332.07645
2020-12-27,335.48236
2020-12-28,334.6369
2020-12-29,326.05637
2020-12-30,310.61172
2020-12-31,319.19205
2021-01-01,312.3277
2021-01-02,334.6369
2021-01-03,356.94614
2021-01-04,197.87024
2021-01-05,194.42903
2021-01-06,175.50243
2021-01-07,180.66414
2021-01-08,180.66414
2021-01-09,170.34048
2021-01-10,175.50243
2021-01-11,152.65904
2021-01-12,135.50635
2021-01-13,137.22173
2021-01-14,130.36066
2021-01-15,142.36742
2021-01-16,149.2285
2021-01-17,149.2285
2021-01-18,160.829
2021-01-19,155.69606
2021-01-20,160.829
2021-01-21,143.71956
2021-01-22,150.56334
2021-01-23,174.51656
2021-01-24,171.09467
2021-01-25,139.79747
2021-01-26,139.79747
2021-01-27,146.61685
2021-01-28,151.73128
2021-01-29,156.84592
2021-01-30,156.84592
2021-01-31,150.02654
2021-02-01,139.21744
2021-02-02,139.21744
2021-02-03,137.51955
2021-02-04,129.0308
2021-02-05,125.63527
2021-02-06,135.8219
2021-02-07,156.19514
2021-02-08,157.10844
2021-02-09,145.2832
2021-02-10,138.52585
2021-02-11,138.52585
2021-02-12,138.52585
2021-02-13,138.52585
2021-02-14,157.10844
2021-02-15,297.18994
2021-02-16,273.54987
2021-02-17,263.4184
2021-02-18,275.23856
2021-02-19,280.30417
2021-02-20,292.12433
2021-02-21,302.2558
2021-02-22,172.05699
2021-02-23,158.56235
2021-02-24,163.62273
2021-02-25,153.50174
2021-02-26,161.936
2021-02-27,165.30966
2021-02-28,168.68333
2021-03-01,188.6671
2021-03-02,166.76816
2021-03-03,175.1909
2021-03-04,153.29195
2021-03-05,158.34564
2021-03-06,161.71469
2021-03-07,170.1372
2021-03-08,167.82275
2021-03-09,149.36217
2021-03-10,147.68405
2021-03-11,139.29282
2021-03-12,149.36217
2021-03-13,162.78796
2021-03-14,164.46631
2021-03-15,167.40463
2021-03-16,145.64195
2021-03-17,147.3161
2021-03-18,142.29387
2021-03-19,145.64195
2021-03-20,155.68622
2021-03-21,177.4489
2021-03-22,148.71222
2021-03-23,153.7251
2021-03-24,147.04141
2021-03-25,147.04141
2021-03-26,145.37038
2021-03-27,157.06694
2021-03-28,165.42145
2021-03-29,161.71848
2021-03-30,143.3794
2021-03-31,148.38087
2021-04-01,153.38258
2021-04-02,156.71698
2021-04-03,156.71698
2021-04-04,166.72018
2021-04-05,176.71579
2021-04-06,173.38153
2021-04-07,170.04727
2021-04-08,170.04727
2021-04-09,181.71707
2021-04-10,198.38835
2021-04-11,193.38707
2021-04-12,158.078
2021-04-13,161.40596
2021-04-14,149.75822
2021-04-15,161.40596
2021-04-16,154.75005
2021-04-17,171.38983
2021-04-18,164.73392
2021-04-19,186.26149
2021-04-20,166.30493
2021-04-21,156.32664
2021-04-22,166.30493
2021-04-23,171.29396
2021-04-24,189.58759
2021-04-25,176.28322
2021-04-26,174.24568
2021-04-27,174.24568
2021-04-28,159.31046
2021-04-29,167.60776
2021-04-30,180.8836
2021-05-01,175.90527
2021-05-02,175.90527
2021-05-03,165.97415
2021-05-04,162.65468
2021-05-05,169.29364
2021-05-06,165.97415
2021-05-07,175.93259
2021-05-08,175.93259
2021-05-09,194.18962
2021-05-10,164.1045
2021-05-11,172.39272
2021-05-12,152.50127
2021-05-13,165.76224
2021-05-14,167.41975
2021-05-15,170.73499
2021-05-16,180.68071
2021-05-17,175.34216
2021-05-18,165.41714
2021-05-19,155.49213
2021-05-20,165.41714
2021-05-21,155.49213
2021-05-22,175.34216
2021-05-23,175.34216
2021-05-24,151.74907
2021-05-25,161.64572
2021-05-26,161.64572
2021-05-27,156.69728
2021-05-28,161.64572
2021-05-29,156.69728
2021-05-30,156.69728
2021-05-31,142.99222
2021-06-01,133.13069
2021-06-02,121.62569
2021-06-03,141.34874
2021-06-04,157.7846
2021-06-05,144.63591
2021-06-06,161.0718
2021-06-07,121.231514
2021-06-08,134.3376
2021-06-09,132.69923
2021-06-10,129.42271
2021-06-11,126.14619
2021-06-12,126.14619
2021-06-13,122.86967
2021-06-14,147.12021
2021-06-15,166.73622
2021-06-16,166.73622
2021-06-17,166.73622
2021-06-18,163.46689
2021-06-19,150.38954
2021-06-20,137.31221
2021-06-21,177.2189
2021-06-22,175.59314
2021-06-23,175.59314
2021-06-24,175.59314
2021-06-25,185.3483
2021-06-26,188.60002
2021-06-27,177.2189
2021-06-28,182.51364
2021-06-29,169.59233
2021-06-30,180.89859
2021-07-01,185.74397
2021-07-02,180.89859
2021-07-03,176.053
2021-07-04,177.66826
2021-07-05,175.87975
2021-07-06,166.1983
2021-07-07,156.51685
2021-07-08,148.44908
2021-07-09,169.42545
2021-07-10,172.6526
2021-07-11,172.6526
2021-07-12,187.23633
2021-07-13,187.23633
2021-07-14,175.9375
2021-07-15,164.63887
2021-07-16,164.63887
2021-07-17,169.48108
2021-07-18,180.7799
2021-07-19,169.74118
2021-07-20,163.27486
2021-07-21,166.50803
2021-07-22,161.65839
2021-07-23,171.35786
2021-07-24,181.05736
2021-07-25,169.74118
2021-07-26,192.54713
2021-07-27,181.22095
2021-07-28,171.5127
2021-07-29,176.36671
2021-07-30,176.36671
2021-07-31,176.36671
2021-08-01,176.36671
2021-08-02,189.77344
2021-08-03,186.52945
2021-08-04,165.44363
2021-08-05,171.93161
2021-08-06,168.68762
2021-08-07,168.68762
2021-08-08,186.52945
2021-08-09,175.74315
2021-08-10,175.74315
2021-08-11,187.13379
2021-08-12,164.3523
2021-08-13,162.72516
2021-08-14,175.74315
2021-08-15,175.74315
2021-08-16,174.63826
2021-08-17,194.22385
2021-08-18,194.22385
2021-08-19,187.69531
2021-08-20,187.69531
2021-08-21,202.38461
2021-08-22,202.38461
2021-08-23,214.62164
2021-08-24,208.06831
2021-08-25,188.40833
2021-08-26,175.30167
2021-08-27,188.40833
2021-08-28,194.96165
2021-08-29,201.51498
2021-08-30,187.36919
2021-08-31,180.79483
2021-09-01,174.22049
2021-09-02,174.22049
2021-09-03,182.43832
2021-09-04,197.23071
2021-09-05,205.44855
2021-09-06,191.31412
2021-09-07,194.61264
2021-09-08,204.5082
2021-09-09,209.45586
2021-09-10,204.5082
2021-09-11,186.36624
2021-09-12,179.76921
2021-09-13,188.46614
2021-09-14,173.58714
2021-09-15,178.54689
2021-09-16,175.24046
2021-09-17,190.11925
2021-09-18,198.3854
2021-09-19,198.3854
2021-09-20,199.21706
2021-09-21,184.27568
2021-09-22,174.31485
2021-09-23,189.25621
2021-09-24,174.31485
2021-09-25,184.27568
2021-09-26,184.27568
2021-09-27,208.35353
2021-09-28,191.68526
2021-09-29,195.0189
2021-09-30,183.35123
2021-10-01,183.35123
2021-10-02,196.68585
2021-10-03,196.68585
2021-10-04,197.36678
2021-10-05,187.33119
2021-10-06,190.67639
2021-10-07,192.34888
2021-10-08,182.31328
2021-10-09,190.67639
2021-10-10,202.38446
2021-10-11,214.68477
2021-10-12,191.20364
2021-10-13,194.55809
2021-10-14,174.43141
2021-10-15,184.49475
2021-10-16,179.46297
2021-10-17,201.26698
2021-10-18,201.96117
2021-10-19,200.27805
2021-10-20,196.91203
2021-10-21,188.4971
2021-10-22,201.96117
2021-10-23,203.64407
2021-10-24,195.22914
2021-10-25,198.98546
2021-10-26,198.98546
2021-10-27,202.3581
2021-10-28,198.98546
2021-10-29,198.98546
2021-10-30,198.98546
2021-10-31,214.1622
2021-11-01,199.21356
2021-11-02,195.83707
2021-11-03,190.77222
2021-11-04,190.77222
2021-11-05,190.77222
2021-11-06,205.96657
2021-11-07,205.96657
2021-11-08,209.82956
2021-11-09,201.36859
2021-11-10,201.36859
2021-11-11,196.29219
2021-11-12,201.36859
2021-11-13,184.44687
2021-11-14,196.29219
2021-11-15,194.77939
2021-11-16,189.6983
2021-11-17,172.76097
2021-11-18,189.6983
2021-11-19,172.76097
2021-11-20,196.47324
2021-11-21,201.55432
2021-11-22,211.86708
2021-11-23,206.78238
2021-11-24,188.13797
2021-11-25,189.83302
2021-11-26,188.13797
2021-11-27,189.83302
2021-11-28,210.17226
2021-11-29,190.66866
2021-11-30,188.98143
2021-12-01,180.54466
2021-12-02,190.66866
2021-12-03,170.42067
2021-12-04,202.48009
2021-12-05,219.35342
2021-12-06,180.50162
2021-12-07,182.17282
2021-12-08,182.17282
2021-12-09,177.159
2021-12-10,188.85805
2021-12-11,190.52946
2021-12-12,182.17282
2021-12-13,190.27898
2021-12-14,195.24287
2021-12-15,170.4238
2021-12-16,178.6969
2021-12-17,170.4238
2021-12-18,180.35138
2021-12-19,190.27898
2021-12-20,199.91519
2021-12-21,185.16727
2021-12-22,180.25143
2021-12-23,188.44456
2021-12-24,167.14224
2021-12-25,170.41954
2021-12-26,185.16727
2021-12-27,186.61838
2021-12-28,181.75017
2021-12-29,178.50464
2021-12-30,175.25911
2021-12-31,194.73232
2022-01-01,186.61838
2022-01-02,194.73232
2022-01-03,199.58632
2022-01-04,180.27153
2022-01-05,180.27153
2022-01-06,175.44273
2022-01-07,175.44273
2022-01-08,178.66185
2022-01-09,207.63403
2022-01-10,197.63852
2022-01-11,178.51222
2022-01-12,178.51222
2022-01-13,194.4508
2022-01-14,189.66913
2022-01-15,194.4508
2022-01-16,194.4508
2022-01-17,183.2416
2022-01-18,194.29915
2022-01-19,173.76358
2022-01-20,192.71959
2022-01-21,175.34315
2022-01-22,175.34315
2022-01-23,203.77716
2022-01-24,203.53639
2022-01-25,189.44533
2022-01-26,178.4858
2022-01-27,170.65738
2022-01-28,170.65738
2022-01-29,195.70798
2022-01-30,192.57666
2022-01-31,209.51292
2022-02-01,206.40883
2022-02-02,189.33754
2022-02-03,184.6816
2022-02-04,184.6816
2022-02-05,201.7531
2022-02-06,217.27255
2022-02-07,214.9186
2022-02-08,214.9186
2022-02-09,202.549
2022-02-10,188.63351
2022-02-11,179.35648
2022-02-12,191.72588
2022-02-13,210.27997
2022-02-14,204.15779
2022-02-15,202.62286
2022-02-16,202.62286
2022-02-17,194.94766
2022-02-18,181.13258
2022-02-19,185.73755
2022-02-20,202.62286
2022-02-21,165.77213
2022-02-22,164.25139
2022-02-23,176.41814
2022-02-24,173.37645
2022-02-25,173.37645
2022-02-26,161.20969
2022-02-27,164.25139
2022-02-28,208.0232
2022-03-01,203.50105
2022-03-02,203.50105
2022-03-03,203.50105
2022-03-04,185.4119
2022-03-05,194.45638
2022-03-06,188.42673
2022-03-07,218.43301
2022-03-08,201.97585
2022-03-09,188.51071
2022-03-10,181.03004
2022-03-11,185.51848
2022-03-12,200.47963
2022-03-13,215.4408
2022-03-14,218.30214
2022-03-15,194.5412
2022-03-16,179.69073
2022-03-17,172.2656
2022-03-18,178.20578
2022-03-19,203.45168
2022-03-20,206.42177
2022-03-21,214.0406
2022-03-22,199.2792
2022-03-23,190.42216
2022-03-24,190.42216
2022-03-25,196.32674
2022-03-26,194.8507
2022-03-27,199.2792
2022-03-28,203.62332
2022-03-29,199.22849
2022-03-30,188.974
2022-03-31,184.57935
2022-04-01,188.974
2022-04-02,212.41281
2022-04-03,208.01797
2022-04-04,203.47638
2022-04-05,213.65028
2022-04-06,197.66278
2022-04-07,181.67528
2022-04-08,193.30247
2022-04-09,184.58208
2022-04-10,194.75598
2022-04-11,194.71133
2022-04-12,199.03816
2022-04-13,194.71133
2022-04-14,203.36516
2022-04-15,190.38432
2022-04-16,190.38432
2022-04-17,207.69199
2022-04-18,217.44133
2022-04-19,181.67789
2022-04-20,191.69171
2022-04-21,191.69171
2022-04-22,180.24745
2022-04-23,188.83066
2022-04-24,204.56662
2022-04-25,201.63338
2022-04-26,197.37361
2022-04-27,180.334
2022-04-28,171.81429
2022-04-29,188.85371
2022-04-30,203.05342
2022-05-01,210.15309
2022-05-02,191.48953
2022-05-03,187.26541
2022-05-04,194.30556
2022-05-05,174.59341
2022-05-06,167.55327
2022-05-07,198.52968
2022-05-08,198.52968
2022-05-09,196.32089
2022-05-10,187.96683
2022-05-11,178.22032
2022-05-12,182.39726
2022-05-13,196.32089
2022-05-14,182.39726
2022-05-15,182.39726
2022-05-16,181.79752
2022-05-17,173.534
2022-05-18,184.55202
2022-05-19,172.15665
2022-05-20,166.64764
2022-05-21,166.64764
2022-05-22,184.55202
2022-05-23,174.46298
2022-05-24,189.45598
2022-05-25,204.44878
2022-05-26,197.63391
2022-05-27,197.63391
2022-05-28,182.64093
2022-05-29,182.64093
2022-05-30,207.21458
2022-05-31,189.60805
2022-06-01,199.08853
2022-06-02,189.60805
2022-06-03,185.54512
2022-06-04,193.67117
2022-06-05,207.21458
2022-06-06,198.61215
2022-06-07,198.61215
2022-06-08,198.61215
2022-06-09,190.45001
2022-06-10,183.64833
2022-06-11,204.05357
2022-06-12,212.21571
2022-06-13,207.24876
2022-06-14,193.61398
2022-06-15,199.0679
2022-06-16,200.43147
2022-06-17,189.52365
2022-06-18,189.52365
2022-06-19,204.5218
2022-06-20,213.5247
2022-06-21,228.58101
2022-06-22,198.46858
2022-06-23,209.41855
2022-06-24,194.36224
2022-06-25,217.63104
2022-06-26,223.10602
2022-06-27,222.8576
2022-06-28,206.34964
2022-06-29,214.60362
2022-06-30,199.47142
2022-07-01,203.59831
2022-07-02,206.34964
2022-07-03,220.10628
2022-07-04,222.32349
2022-07-05,222.32349
2022-07-06,222.32349
2022-07-07,208.51459
2022-07-08,222.32349
2022-07-09,214.03815
2022-07-10,207.13362
2022-07-11,208.33081
2022-07-12,197.29343
2022-07-13,197.29343
2022-07-14,205.57146
2022-07-15,202.81212
2022-07-16,206.95105
2022-07-17,208.33081
2022-07-18,205.70587
2022-07-19,207.08636
2022-07-20,200.18358
2022-07-21,208.46703
2022-07-22,200.18358
2022-07-23,212.60866
2022-07-24,212.60866
2022-07-25,211.64224
2022-07-26,200.57599
2022-07-27,196.42606
2022-07-28,196.42606
2022-07-29,203.34256
2022-07-30,211.64224
2022-07-31,214.4088
2022-08-01,202.55919
2022-08-02,202.55919
2022-08-03,195.62231
2022-08-04,195.62231
2022-08-05,206.72145
2022-08-06,206.72145
2022-08-07,209.49623
2022-08-08,214.35513
2022-08-09,214.35513
2022-08-10,200.43597
2022-08-11,200.43597
2022-08-12,190.69266
2022-08-13,214.35513
2022-08-14,200.43597
2022-08-15,199.53354
2022-08-16,210.69624
2022-08-17,192.55676
2022-08-18,202.32422
2022-08-19,210.69624
2022-08-20,210.69624
2022-08-21,210.69624
2022-08-22,198.68303
2022-08-23,190.28798
2022-08-24,194.4856
2022-08-25,187.48964
2022-08-26,177.69531
2022-08-27,187.48964
2022-08-28,207.07808
2022-08-29,210.34682
2022-08-30,210.34682
2022-08-31,210.34682
2022-09-01,192.11687
2022-09-02,201.93295
2022-09-03,204.73758
2022-09-04,217.35846
2022-09-05,209.56119
2022-09-06,209.56119
2022-09-07,195.4967
2022-09-08,185.65147
2022-09-09,188.46437
2022-09-10,188.46437
2022-09-11,202.52885
2022-09-12,211.3284
2022-09-13,198.64879
2022-09-14,194.42213
2022-09-15,180.33359
2022-09-16,174.69817
2022-09-17,211.3284
2022-09-18,211.3284
2022-09-19,208.9748
2022-09-20,206.15082
2022-09-21,203.32683
2022-09-22,194.85489
2022-09-23,203.32683
2022-09-24,214.62276
2022-09-25,213.21086
